{"cameraMode":{"drawMode":0,"name":"Shaded","section":"Shading Mode"},"sceneLighting":true,"audioPlay":false,"sceneViewState":{"showFog":true,"showMaterialUpdate":false,"showSkybox":true,"showFlares":true,"showImageEffects":true,"showParticleSystems":true},"in2DMode":false,"pivot":{"x":0.029999971389770509,"y":1.2734296321868897,"z":0.0},"rotation":{"x":-0.15387342870235444,"y":0.012744640931487084,"z":-0.001984920585528016,"w":-0.9880064129829407},"size":11.11503791809082,"orthographic":false}